water,water,water,water,water,water,water,water,water,water,water,water,water,water,water,water,water,water,water,water,water,water,water,water,water,water,water,water,water,water,water,water,water,water,water,water,water,water,water,water,water,water,water,water,water,water,water,water,water,water,water,water,water,water,water,water,water,water,water,water,water,water,water,water
water,water,water,water,water,water,water,water,water,water,water,water,water,water,water,water,water,water,water,water,water,water,water,water,water,water,water,water,water,water,water,water,water,water,water,water,water,water,water,water,water,water,water,water,water,water,water,water,water,water,water,water,water,water,water,water,water,water,water,water,water,water,water,water
water,water,grass,grass,grass,grass,grass,grass,grass,grass,grass,grass,grass,grass,grass,grass,grass,grass,grass,grass,grass,grass,grass,grass,grass,grass,grass,grass,grass,grass,grass,grass,grass,grass,grass,grass,grass,grass,grass,grass,grass,grass,grass,grass,grass,grass,grass,grass,grass,grass,grass,grass,grass,grass,grass,grass,grass,grass,grass,grass,grass,grass,water,water
water,water,grass,grass,grass,grass,grass,grass,grass,grass,grass,grass,grass,grass,grass,grass,grass,grass,grass,grass,grass,grass,grass,grass,grass,grass,grass,grass,grass,grass,grass,grass,grass,grass,grass,grass,grass,grass,grass,grass,grass,grass,grass,grass,grass,grass,grass,grass,grass,grass,grass,grass,grass,grass,grass,grass,grass,grass,grass,grass,grass,grass,water,water
water,water,grass,grass,grass,grass,grass,grass,grass,grass,grass,grass,grass,grass,grass,grass,grass,grass,grass,grass,grass,grass,grass,grass,grass,grass,grass,grass,grass,grass,grass,grass,grass,grass,grass,grass,grass,grass,grass,grass,grass,grass,grass,grass,grass,grass,grass,grass,grass,grass,grass,grass,grass,grass,grass,grass,grass,grass,grass,grass,grass,grass,water,water
water,water,grass,grass,grass,grass,grass,grass,grass,grass,grass,grass,grass,grass,grass,grass,grass,grass,grass,grass,grass,grass,grass,grass,grass,grass,grass,grass,grass,grass,grass,grass,grass,grass,grass,grass,grass,grass,grass,grass,grass,swamp,grass,grass,grass,grass,grass,grass,grass,grass,grass,grass,grass,grass,grass,grass,grass,grass,grass,grass,grass,grass,water,water
water,water,grass,grass,grass,grass,grass,grass,grass,grass,grass,grass,grass,grass,grass,grass,grass,grass,grass,grass,grass,grass,grass,grass,grass,grass,grass,grass,grass,grass,grass,grass,grass,grass,grass,grass,grass,grass,grass,grass,grass,swamp,grass,grass,grass,grass,grass,grass,grass,grass,grass,grass,grass,grass,grass,grass,grass,grass,grass,grass,grass,grass,water,water
water,water,grass,grass,grass,grass,grass,grass,grass,grass,grass,grass,grass,grass,grass,grass,grass,grass,grass,grass,grass,grass,grass,grass,grass,grass,grass,grass,grass,grass,grass,grass,grass,grass,grass,grass,grass,grass,grass,grass,grass,swamp,swamp,grass,grass,grass,grass,grass,grass,grass,grass,grass,grass,grass,grass,grass,grass,grass,grass,grass,grass,grass,water,water
water,water,grass,grass,grass,grass,grass,grass,grass,grass,grass,grass,grass,grass,grass,grass,grass,grass,grass,grass,grass,grass,grass,grass,grass,grass,grass,grass,grass,grass,grass,grass,grass,grass,grass,grass,grass,swamp,swamp,swamp,swamp,swamp,swamp,grass,grass,grass,grass,grass,grass,grass,grass,grass,grass,grass,grass,grass,grass,grass,grass,grass,grass,grass,water,water
water,water,grass,grass,grass,grass,grass,grass,grass,grass,grass,grass,grass,grass,grass,grass,grass,grass,grass,grass,grass,grass,grass,grass,grass,grass,grass,grass,grass,grass,grass,grass,grass,grass,swamp,swamp,swamp,swamp,swamp,swamp,swamp,swamp,swamp,grass,grass,grass,grass,grass,grass,grass,grass,grass,grass,grass,grass,grass,grass,grass,grass,grass,grass,grass,water,water
water,water,grass,grass,grass,grass,grass,grass,grass,grass,grass,grass,grass,grass,grass,grass,grass,grass,grass,grass,grass,grass,grass,grass,grass,grass,grass,grass,grass,grass,grass,grass,swamp,swamp,swamp,swamp,swamp,swamp,swamp,swamp,swamp,swamp,swamp,grass,grass,grass,grass,grass,grass,grass,grass,grass,grass,grass,grass,grass,grass,grass,grass,grass,grass,grass,water,water
water,water,grass,grass,grass,grass,grass,grass,grass,grass,grass,grass,grass,grass,grass,grass,grass,grass,grass,grass,grass,grass,grass,grass,grass,grass,grass,grass,grass,grass,grass,swamp,swamp,swamp,swamp,swamp,swamp,swamp,swamp,swamp,swamp,swamp,swamp,grass,grass,grass,grass,grass,grass,grass,grass,grass,grass,grass,grass,grass,grass,grass,grass,grass,grass,grass,water,water
water,water,grass,grass,grass,grass,grass,grass,grass,grass,grass,grass,grass,grass,grass,grass,grass,grass,grass,grass,grass,grass,grass,grass,grass,grass,grass,grass,grass,grass,grass,swamp,swamp,swamp,swamp,swamp,swamp,swamp,swamp,swamp,swamp,swamp,swamp,grass,swamp,grass,grass,grass,grass,grass,grass,grass,grass,grass,grass,grass,grass,grass,grass,grass,grass,grass,water,water
water,water,grass,grass,grass,grass,grass,grass,grass,grass,grass,grass,grass,grass,grass,grass,grass,grass,grass,grass,grass,grass,grass,grass,grass,grass,grass,grass,grass,grass,grass,swamp,swamp,swamp,swamp,swamp,swamp,swamp,swamp,swamp,swamp,swamp,grass,swamp,swamp,grass,grass,grass,grass,grass,grass,grass,grass,grass,grass,grass,grass,water,water,water,water,water,water,water
water,water,grass,grass,grass,grass,grass,grass,grass,grass,grass,grass,grass,grass,grass,grass,grass,grass,grass,grass,grass,grass,grass,grass,grass,grass,grass,grass,grass,grass,grass,grass,swamp,swamp,swamp,swamp,swamp,swamp,swamp,swamp,grass,grass,grass,swamp,swamp,grass,grass,grass,grass,grass,grass,grass,grass,grass,grass,grass,water,water,water,water,water,water,water,water
water,water,water,grass,grass,grass,grass,grass,grass,grass,grass,grass,grass,grass,grass,grass,grass,grass,grass,grass,grass,grass,grass,grass,grass,grass,grass,grass,grass,grass,grass,swamp,grass,swamp,swamp,swamp,swamp,swamp,swamp,grass,grass,grass,grass,swamp,grass,grass,grass,grass,grass,grass,grass,grass,grass,grass,grass,water,water,water,grass,grass,grass,grass,water,water
water,water,water,water,grass,grass,grass,grass,grass,grass,grass,grass,grass,grass,grass,grass,grass,grass,grass,grass,grass,grass,grass,grass,grass,grass,grass,grass,grass,grass,grass,swamp,grass,grass,swamp,swamp,swamp,swamp,grass,grass,grass,grass,swamp,swamp,grass,grass,grass,grass,grass,grass,grass,grass,grass,grass,water,water,water,grass,grass,grass,grass,grass,water,water
water,water,water,water,water,grass,grass,grass,grass,grass,grass,grass,grass,grass,grass,grass,grass,grass,grass,grass,grass,grass,grass,grass,grass,grass,grass,grass,grass,swamp,swamp,swamp,swamp,grass,swamp,grass,grass,grass,grass,swamp,swamp,swamp,swamp,grass,grass,grass,grass,grass,grass,grass,grass,grass,grass,grass,water,water,grass,grass,grass,grass,grass,grass,water,water
water,water,grass,water,water,water,grass,grass,grass,grass,grass,grass,grass,grass,grass,grass,grass,grass,grass,grass,grass,grass,grass,grass,grass,grass,grass,grass,swamp,swamp,swamp,swamp,swamp,swamp,grass,grass,grass,swamp,swamp,swamp,swamp,swamp,grass,grass,grass,grass,grass,grass,grass,grass,grass,grass,grass,water,water,water,grass,grass,grass,grass,grass,grass,water,water
water,water,grass,grass,water,water,water,grass,grass,grass,grass,grass,grass,grass,grass,grass,grass,grass,grass,grass,grass,grass,grass,grass,grass,grass,grass,swamp,swamp,swamp,swamp,swamp,grass,grass,swamp,swamp,swamp,swamp,swamp,swamp,swamp,grass,grass,grass,grass,grass,grass,grass,grass,grass,grass,grass,grass,water,water,grass,grass,grass,grass,grass,grass,grass,water,water
water,water,grass,grass,grass,grass,water,water,water,water,water,water,water,water,water,water,grass,grass,grass,grass,grass,grass,grass,grass,grass,grass,grass,swamp,swamp,swamp,swamp,grass,grass,swamp,swamp,swamp,swamp,swamp,grass,grass,grass,grass,grass,grass,grass,grass,grass,grass,grass,grass,grass,grass,grass,water,water,grass,grass,grass,grass,grass,grass,grass,water,water
water,water,grass,grass,grass,grass,grass,water,water,water,water,water,water,water,water,water,water,grass,grass,grass,grass,grass,grass,grass,grass,grass,swamp,swamp,swamp,swamp,swamp,swamp,swamp,swamp,grass,grass,grass,grass,grass,grass,grass,grass,grass,grass,grass,grass,grass,grass,grass,grass,grass,grass,grass,water,water,grass,grass,grass,grass,grass,grass,grass,water,water
water,water,grass,grass,grass,grass,grass,grass,grass,water,water,water,water,water,water,water,water,water,grass,grass,grass,grass,grass,grass,grass,grass,swamp,swamp,swamp,swamp,swamp,swamp,swamp,grass,grass,grass,grass,grass,grass,grass,grass,grass,grass,grass,grass,grass,grass,grass,grass,grass,grass,grass,grass,water,water,grass,grass,grass,grass,grass,grass,grass,water,water
water,water,grass,grass,grass,grass,grass,grass,grass,grass,grass,grass,grass,grass,grass,grass,water,water,water,grass,grass,grass,grass,grass,grass,grass,swamp,swamp,swamp,swamp,swamp,grass,grass,grass,grass,grass,grass,grass,grass,grass,grass,grass,grass,grass,grass,grass,grass,grass,grass,grass,grass,grass,water,water,water,grass,grass,grass,grass,grass,grass,grass,water,water
water,water,grass,grass,grass,grass,grass,grass,grass,grass,grass,grass,grass,grass,grass,grass,grass,grass,water,water,grass,grass,grass,grass,grass,grass,grass,grass,grass,grass,grass,grass,grass,grass,grass,grass,grass,grass,grass,grass,grass,grass,grass,grass,grass,grass,grass,grass,grass,grass,grass,water,water,water,grass,grass,grass,grass,grass,grass,grass,grass,water,water
water,water,grass,grass,grass,grass,grass,grass,grass,grass,grass,grass,grass,grass,grass,grass,grass,grass,grass,water,water,water,grass,grass,grass,grass,grass,grass,grass,grass,grass,grass,grass,grass,grass,grass,grass,grass,grass,grass,grass,grass,grass,grass,grass,grass,grass,grass,grass,grass,water,water,water,grass,grass,grass,grass,grass,grass,grass,grass,grass,water,water
water,water,grass,grass,grass,grass,grass,grass,grass,grass,grass,grass,grass,grass,grass,grass,grass,grass,grass,grass,grass,water,water,grass,grass,grass,grass,grass,grass,grass,grass,grass,grass,grass,grass,grass,grass,grass,grass,grass,grass,grass,grass,grass,grass,grass,grass,grass,grass,water,water,water,grass,grass,grass,grass,grass,grass,grass,grass,grass,grass,water,water
water,water,grass,grass,grass,grass,grass,grass,grass,grass,grass,grass,grass,grass,grass,grass,grass,grass,grass,grass,grass,grass,water,water,grass,grass,grass,grass,grass,grass,grass,grass,grass,grass,grass,grass,grass,grass,grass,grass,grass,grass,grass,grass,grass,grass,grass,water,water,water,water,grass,grass,grass,grass,grass,grass,grass,grass,grass,grass,grass,water,water
water,water,grass,grass,grass,grass,grass,grass,grass,grass,grass,grass,grass,grass,grass,grass,grass,grass,grass,grass,grass,grass,grass,grass,grass,grass,grass,grass,grass,grass,grass,grass,grass,grass,grass,grass,grass,grass,grass,grass,grass,grass,grass,grass,grass,grass,water,water,water,grass,grass,grass,grass,grass,grass,grass,grass,grass,grass,grass,grass,grass,water,water
water,water,grass,grass,grass,grass,grass,grass,grass,grass,grass,grass,grass,grass,grass,grass,grass,grass,grass,grass,grass,grass,grass,grass,grass,grass,grass,grass,grass,grass,grass,grass,grass,grass,grass,grass,grass,grass,grass,grass,grass,grass,grass,grass,water,water,water,water,grass,grass,grass,grass,grass,grass,grass,grass,grass,grass,grass,grass,grass,grass,water,water
water,water,grass,grass,grass,grass,grass,grass,grass,grass,grass,grass,grass,grass,grass,grass,grass,grass,grass,grass,grass,grass,grass,grass,grass,grass,grass,grass,grass,grass,grass,grass,grass,grass,grass,grass,grass,grass,grass,grass,grass,water,water,water,water,water,grass,grass,grass,grass,grass,grass,grass,grass,grass,grass,grass,grass,grass,grass,grass,grass,water,water
water,water,grass,grass,grass,grass,grass,grass,grass,grass,grass,grass,grass,grass,grass,grass,grass,grass,grass,grass,grass,grass,grass,grass,grass,grass,grass,grass,grass,grass,grass,grass,grass,grass,grass,grass,grass,grass,grass,grass,water,water,water,grass,grass,grass,grass,grass,grass,grass,grass,grass,grass,grass,grass,grass,grass,grass,grass,grass,grass,grass,water,water
water,water,grass,grass,grass,grass,grass,grass,grass,grass,grass,grass,grass,grass,grass,grass,grass,grass,grass,grass,grass,grass,grass,grass,grass,grass,grass,grass,grass,grass,grass,grass,grass,grass,grass,grass,grass,grass,water,water,water,grass,grass,grass,grass,grass,grass,grass,grass,grass,grass,grass,grass,grass,grass,grass,grass,grass,grass,grass,grass,grass,water,water
water,water,grass,grass,grass,grass,grass,grass,grass,grass,grass,grass,grass,grass,grass,grass,grass,grass,grass,grass,grass,grass,grass,grass,grass,grass,grass,grass,grass,grass,grass,grass,grass,grass,grass,grass,grass,grass,water,water,grass,grass,grass,grass,grass,grass,grass,grass,grass,grass,grass,grass,grass,grass,grass,grass,grass,grass,grass,grass,grass,grass,water,water
water,water,grass,grass,grass,grass,grass,grass,grass,grass,grass,grass,grass,grass,grass,grass,grass,grass,grass,grass,grass,grass,grass,grass,grass,grass,grass,grass,grass,grass,grass,grass,grass,grass,grass,grass,grass,water,water,grass,grass,grass,grass,grass,grass,grass,grass,grass,grass,grass,grass,grass,grass,grass,grass,grass,grass,grass,grass,grass,grass,grass,water,water
water,water,grass,grass,grass,grass,grass,grass,grass,grass,grass,grass,grass,grass,grass,grass,grass,grass,grass,grass,grass,grass,grass,grass,grass,grass,grass,grass,grass,grass,grass,grass,grass,grass,grass,grass,water,water,grass,grass,grass,grass,grass,grass,grass,grass,grass,grass,grass,grass,grass,grass,grass,grass,grass,grass,grass,grass,grass,grass,grass,grass,water,water
water,water,grass,grass,grass,grass,grass,grass,grass,grass,grass,grass,grass,grass,grass,grass,grass,grass,grass,grass,grass,grass,grass,grass,grass,grass,grass,grass,grass,grass,grass,grass,grass,grass,grass,water,water,grass,grass,grass,grass,grass,grass,grass,grass,grass,grass,grass,grass,grass,grass,grass,grass,grass,grass,grass,grass,grass,grass,grass,grass,grass,water,water
water,water,grass,grass,grass,grass,grass,grass,grass,grass,grass,grass,grass,grass,grass,grass,grass,grass,grass,grass,grass,grass,grass,grass,grass,grass,grass,grass,grass,grass,grass,grass,grass,water,water,water,water,grass,grass,grass,grass,grass,grass,grass,grass,grass,grass,grass,grass,grass,grass,grass,grass,grass,grass,grass,grass,grass,grass,grass,grass,grass,water,water
water,water,grass,grass,grass,grass,grass,grass,grass,grass,grass,grass,grass,grass,grass,grass,grass,grass,grass,grass,grass,grass,grass,grass,grass,grass,grass,grass,grass,grass,grass,grass,water,water,water,water,grass,grass,grass,grass,grass,grass,grass,grass,grass,grass,grass,grass,grass,grass,grass,grass,grass,grass,grass,grass,grass,grass,grass,grass,grass,grass,water,water
water,water,grass,grass,grass,grass,grass,grass,grass,grass,grass,grass,grass,grass,grass,grass,grass,grass,grass,grass,grass,grass,grass,grass,grass,grass,grass,grass,grass,grass,water,water,water,water,water,grass,grass,grass,grass,grass,grass,grass,grass,grass,grass,grass,grass,grass,grass,grass,grass,grass,grass,grass,grass,grass,grass,grass,grass,grass,grass,grass,water,water
water,water,grass,grass,grass,grass,grass,grass,grass,grass,grass,grass,grass,grass,grass,grass,grass,grass,grass,grass,grass,grass,grass,grass,grass,grass,grass,water,water,water,water,water,grass,grass,grass,grass,grass,grass,grass,grass,grass,grass,grass,grass,grass,grass,grass,grass,grass,grass,grass,grass,grass,grass,grass,grass,grass,grass,grass,grass,grass,grass,water,water
water,water,grass,grass,grass,grass,grass,grass,grass,grass,grass,grass,grass,grass,grass,grass,grass,grass,grass,grass,grass,grass,grass,grass,grass,water,water,water,water,water,grass,grass,grass,grass,grass,grass,grass,grass,grass,grass,grass,grass,grass,grass,grass,grass,grass,grass,grass,grass,grass,grass,grass,grass,grass,grass,grass,grass,grass,grass,grass,grass,water,water
water,water,grass,grass,grass,grass,grass,grass,grass,grass,grass,grass,grass,grass,grass,grass,grass,water,water,grass,grass,grass,water,water,water,water,water,water,grass,grass,grass,grass,grass,grass,grass,grass,grass,grass,grass,grass,grass,grass,grass,grass,grass,grass,grass,grass,grass,grass,grass,grass,grass,grass,grass,grass,grass,grass,grass,grass,grass,grass,water,water
water,water,grass,grass,grass,grass,grass,grass,grass,grass,grass,grass,grass,grass,grass,grass,grass,grass,water,water,water,water,water,water,water,water,grass,grass,grass,grass,grass,grass,grass,grass,grass,grass,grass,grass,grass,grass,grass,grass,grass,grass,grass,grass,grass,grass,grass,grass,grass,grass,grass,grass,grass,grass,grass,grass,grass,grass,grass,grass,water,water
water,water,grass,grass,grass,grass,grass,grass,grass,grass,grass,grass,grass,grass,grass,grass,grass,grass,grass,grass,grass,grass,grass,grass,grass,grass,grass,grass,grass,grass,grass,grass,grass,grass,grass,grass,grass,grass,grass,grass,grass,grass,grass,grass,grass,grass,grass,water,water,water,water,water,grass,grass,grass,grass,grass,grass,grass,grass,grass,grass,water,water
water,water,grass,grass,grass,grass,grass,grass,grass,grass,grass,grass,grass,grass,grass,grass,grass,grass,grass,grass,grass,grass,grass,grass,grass,grass,grass,grass,grass,grass,grass,grass,grass,grass,grass,grass,grass,grass,grass,grass,grass,grass,grass,grass,grass,water,water,water,water,water,water,water,water,water,grass,grass,grass,grass,grass,grass,grass,grass,water,water
water,water,grass,grass,grass,grass,grass,grass,grass,grass,grass,grass,grass,grass,grass,grass,grass,grass,grass,grass,grass,grass,grass,grass,grass,grass,grass,grass,grass,grass,grass,grass,grass,grass,grass,grass,grass,grass,grass,grass,grass,grass,grass,grass,water,water,water,water,water,water,water,water,water,water,water,grass,grass,grass,grass,grass,grass,grass,water,water
water,water,grass,grass,grass,grass,grass,grass,grass,grass,grass,grass,swamp,swamp,swamp,grass,grass,grass,grass,grass,grass,grass,grass,grass,grass,grass,grass,grass,grass,grass,grass,grass,grass,grass,grass,grass,grass,grass,grass,grass,grass,grass,grass,grass,water,water,water,water,water,water,water,water,water,water,water,grass,grass,grass,grass,grass,grass,grass,water,water
water,water,grass,grass,grass,grass,grass,grass,grass,grass,grass,grass,swamp,swamp,swamp,swamp,swamp,grass,grass,grass,grass,grass,grass,grass,grass,grass,grass,grass,grass,grass,grass,grass,grass,grass,grass,grass,grass,grass,grass,grass,grass,grass,grass,water,water,water,water,water,water,water,water,water,water,water,water,water,grass,grass,grass,grass,grass,grass,water,water
water,water,grass,grass,grass,grass,grass,grass,grass,grass,grass,grass,swamp,swamp,swamp,swamp,swamp,swamp,grass,grass,grass,grass,grass,grass,grass,grass,grass,grass,grass,grass,grass,grass,grass,grass,grass,grass,grass,grass,grass,grass,grass,grass,grass,water,water,water,water,water,water,water,water,water,water,water,water,water,grass,grass,grass,grass,grass,grass,water,water
water,water,grass,grass,grass,grass,grass,grass,grass,grass,grass,grass,swamp,swamp,swamp,swamp,swamp,swamp,swamp,grass,grass,grass,grass,grass,grass,grass,grass,grass,grass,grass,grass,grass,grass,grass,grass,grass,grass,grass,grass,grass,grass,grass,grass,water,water,water,water,water,water,water,water,water,water,water,water,water,grass,grass,grass,grass,grass,grass,water,water
water,water,grass,grass,grass,grass,grass,grass,grass,grass,grass,grass,swamp,swamp,swamp,swamp,swamp,swamp,swamp,swamp,grass,grass,grass,grass,grass,grass,grass,grass,grass,grass,grass,grass,grass,grass,grass,grass,grass,grass,grass,grass,grass,grass,grass,water,water,water,water,water,water,water,water,water,water,water,water,water,grass,grass,grass,grass,grass,grass,water,water
water,water,grass,grass,grass,grass,grass,grass,grass,grass,grass,grass,grass,grass,swamp,swamp,swamp,swamp,swamp,swamp,grass,grass,grass,grass,grass,grass,grass,grass,grass,grass,grass,grass,grass,grass,grass,grass,grass,grass,grass,grass,grass,grass,grass,grass,water,water,water,water,water,water,water,water,water,water,water,grass,grass,grass,grass,grass,grass,grass,water,water
water,water,grass,grass,grass,grass,grass,grass,grass,grass,grass,grass,grass,grass,grass,swamp,swamp,swamp,swamp,swamp,swamp,grass,grass,grass,grass,grass,grass,grass,grass,grass,grass,grass,grass,grass,grass,grass,grass,grass,grass,grass,grass,grass,grass,grass,water,water,water,water,water,water,water,water,water,water,water,grass,grass,grass,grass,grass,grass,grass,water,water
water,water,grass,grass,grass,grass,grass,grass,grass,swamp,swamp,swamp,grass,grass,grass,grass,swamp,swamp,swamp,swamp,swamp,grass,grass,grass,grass,grass,grass,grass,grass,grass,grass,grass,grass,grass,grass,grass,grass,grass,grass,grass,grass,grass,grass,grass,grass,water,water,water,water,water,water,water,water,water,grass,grass,grass,grass,grass,grass,grass,grass,water,water
water,water,grass,grass,grass,grass,grass,grass,grass,grass,swamp,swamp,swamp,grass,grass,grass,grass,grass,grass,grass,grass,grass,grass,grass,grass,grass,grass,grass,grass,grass,grass,grass,grass,grass,grass,grass,grass,grass,grass,grass,grass,grass,grass,grass,grass,grass,grass,water,water,water,water,water,grass,grass,grass,grass,grass,grass,grass,grass,grass,grass,water,water
water,water,grass,grass,grass,grass,grass,grass,grass,grass,grass,swamp,swamp,swamp,swamp,swamp,swamp,grass,grass,grass,grass,grass,grass,grass,grass,grass,grass,grass,grass,grass,grass,grass,grass,grass,grass,grass,grass,grass,grass,grass,grass,grass,grass,grass,grass,grass,grass,grass,grass,grass,grass,grass,grass,grass,grass,grass,grass,grass,grass,grass,grass,grass,water,water
water,water,grass,grass,grass,grass,grass,grass,grass,grass,grass,grass,swamp,swamp,swamp,swamp,swamp,swamp,grass,grass,grass,grass,grass,grass,grass,grass,grass,grass,grass,grass,grass,grass,grass,grass,grass,grass,grass,grass,grass,grass,grass,grass,grass,grass,grass,grass,grass,grass,grass,grass,grass,grass,grass,grass,grass,grass,grass,grass,grass,grass,grass,grass,water,water
water,water,grass,grass,grass,grass,grass,grass,grass,grass,grass,grass,grass,swamp,swamp,swamp,swamp,grass,grass,grass,grass,grass,grass,grass,grass,grass,grass,grass,grass,grass,grass,grass,grass,grass,grass,grass,grass,grass,grass,grass,grass,grass,grass,grass,grass,grass,grass,grass,grass,grass,grass,grass,grass,grass,grass,grass,grass,grass,grass,grass,grass,grass,water,water
water,water,grass,grass,grass,grass,grass,grass,grass,grass,grass,grass,grass,grass,swamp,swamp,grass,grass,grass,grass,grass,grass,grass,grass,grass,grass,grass,grass,grass,grass,grass,grass,grass,grass,grass,grass,grass,grass,grass,grass,grass,grass,grass,grass,grass,grass,grass,grass,grass,grass,grass,grass,grass,grass,grass,grass,grass,grass,grass,grass,grass,grass,water,water
water,water,grass,grass,grass,grass,grass,grass,grass,grass,grass,grass,grass,grass,grass,grass,grass,grass,grass,grass,grass,grass,grass,grass,grass,grass,grass,grass,grass,grass,grass,grass,grass,grass,grass,grass,grass,grass,grass,grass,grass,grass,grass,grass,grass,grass,grass,grass,grass,grass,grass,grass,grass,grass,grass,grass,grass,grass,grass,grass,grass,grass,water,water
water,water,grass,grass,grass,grass,grass,grass,grass,grass,grass,grass,grass,grass,grass,grass,grass,grass,grass,grass,grass,grass,grass,grass,grass,grass,grass,grass,grass,grass,grass,grass,grass,grass,grass,grass,grass,grass,grass,grass,grass,grass,grass,grass,grass,grass,grass,grass,grass,grass,grass,grass,grass,grass,grass,grass,grass,grass,grass,grass,grass,grass,water,water
water,water,water,water,water,water,water,water,water,water,water,water,water,water,water,water,water,water,water,water,water,water,water,water,water,water,water,water,water,water,water,water,water,water,water,water,water,water,water,water,water,water,water,water,water,water,water,water,water,water,water,water,water,water,water,water,water,water,water,water,water,water,water,water
water,water,water,water,water,water,water,water,water,water,water,water,water,water,water,water,water,water,water,water,water,water,water,water,water,water,water,water,water,water,water,water,water,water,water,water,water,water,water,water,water,water,water,water,water,water,water,water,water,water,water,water,water,water,water,water,water,water,water,water,water,water,water,water
