sand,sand,sand,sand,sand,sand,sand,sand,sand,sand,sand,sand,sand,sand,sand,sand,sand,sand,sand,sand,sand,sand,sand,sand,sand,sand,sand,sand,sand,sand,sand,sand,sand,sand,sand,sand,sand,sand,sand,sand,sand,sand,sand,sand,sand,sand,sand,sand,sand,sand,sand,sand,sand,grass,grass,grass,water,water,water,water,grass,grass,grass,grass
sand,sand,sand,sand,sand,sand,sand,sand,sand,sand,sand,sand,sand,sand,sand,sand,sand,sand,sand,sand,sand,sand,sand,sand,sand,sand,sand,sand,sand,sand,sand,sand,sand,sand,sand,sand,sand,sand,sand,sand,sand,sand,sand,sand,sand,sand,sand,sand,sand,sand,sand,grass,grass,grass,grass,water,water,water,water,grass,grass,grass,grass,grass
sand,sand,sand,sand,sand,sand,sand,sand,sand,sand,sand,sand,sand,sand,sand,sand,sand,sand,sand,sand,sand,sand,sand,sand,sand,sand,sand,sand,sand,sand,sand,sand,sand,sand,sand,sand,sand,sand,sand,sand,sand,sand,sand,sand,sand,sand,sand,sand,sand,sand,sand,grass,grass,grass,water,water,water,water,grass,grass,grass,grass,grass,grass
sand,sand,sand,sand,sand,sand,sand,sand,sand,sand,sand,sand,sand,sand,sand,sand,sand,sand,sand,sand,sand,sand,sand,sand,sand,sand,sand,sand,sand,sand,sand,sand,sand,sand,sand,sand,sand,sand,sand,sand,sand,sand,sand,sand,sand,sand,sand,sand,sand,sand,grass,grass,grass,grass,water,water,water,water,grass,grass,grass,grass,grass,grass
sand,sand,sand,sand,sand,sand,sand,sand,sand,sand,sand,sand,sand,sand,sand,sand,sand,sand,sand,sand,sand,sand,sand,sand,sand,sand,sand,sand,sand,sand,sand,sand,sand,sand,sand,sand,sand,sand,sand,sand,sand,sand,sand,sand,sand,sand,sand,sand,sand,grass,grass,grass,grass,water,water,water,water,grass,grass,grass,grass,grass,grass,grass
sand,sand,sand,sand,sand,sand,sand,sand,sand,sand,sand,sand,sand,sand,sand,sand,sand,sand,sand,sand,sand,sand,sand,sand,sand,sand,sand,sand,sand,sand,sand,sand,sand,sand,sand,sand,sand,sand,sand,sand,sand,sand,sand,sand,sand,sand,sand,sand,grass,grass,grass,grass,grass,water,water,water,grass,grass,grass,grass,grass,grass,sand,sand
sand,sand,sand,sand,sand,sand,sand,sand,sand,sand,sand,sand,sand,sand,sand,sand,sand,sand,sand,sand,sand,sand,sand,sand,sand,sand,sand,sand,sand,sand,sand,sand,sand,sand,sand,sand,sand,sand,sand,sand,sand,sand,sand,sand,sand,sand,sand,grass,grass,grass,grass,grass,water,water,water,grass,grass,grass,grass,grass,grass,sand,sand,sand
water,sand,sand,sand,sand,sand,sand,sand,sand,sand,sand,sand,sand,sand,sand,sand,sand,sand,sand,sand,sand,sand,sand,sand,sand,sand,sand,sand,sand,sand,sand,sand,sand,sand,sand,sand,sand,sand,sand,sand,sand,sand,sand,sand,sand,grass,grass,grass,grass,grass,grass,water,water,water,water,grass,grass,grass,grass,grass,sand,sand,sand,sand
water,water,sand,sand,sand,sand,sand,sand,sand,sand,sand,sand,sand,sand,sand,sand,sand,sand,sand,sand,sand,sand,sand,sand,sand,sand,sand,sand,sand,sand,sand,sand,sand,sand,sand,sand,sand,sand,sand,sand,sand,sand,sand,sand,grass,grass,grass,grass,grass,grass,water,water,water,water,water,grass,grass,grass,sand,sand,sand,sand,sand,sand
water,water,water,water,sand,sand,sand,sand,sand,sand,sand,sand,sand,sand,sand,sand,sand,sand,sand,sand,sand,sand,sand,sand,sand,sand,sand,sand,sand,sand,sand,sand,sand,sand,sand,sand,sand,sand,sand,sand,sand,sand,sand,grass,grass,grass,water,water,water,water,water,water,water,water,grass,grass,grass,sand,sand,sand,sand,sand,sand,sand
water,water,water,water,water,water,sand,sand,sand,sand,sand,sand,sand,sand,sand,sand,sand,sand,sand,sand,sand,sand,sand,sand,sand,sand,sand,sand,sand,sand,sand,sand,sand,sand,sand,sand,sand,sand,sand,sand,sand,grass,grass,grass,water,water,water,water,water,water,water,grass,grass,grass,grass,grass,sand,sand,sand,sand,sand,sand,sand,sand
water,water,water,water,water,water,sand,sand,sand,sand,sand,sand,sand,sand,sand,sand,sand,sand,sand,sand,sand,sand,sand,sand,sand,sand,sand,sand,sand,sand,sand,sand,sand,sand,sand,sand,sand,sand,sand,grass,grass,grass,water,water,water,grass,grass,grass,grass,grass,grass,grass,grass,grass,grass,sand,sand,sand,sand,sand,sand,sand,sand,sand
water,water,water,water,water,water,water,water,sand,sand,sand,sand,sand,sand,sand,sand,sand,sand,sand,sand,sand,sand,sand,sand,sand,sand,sand,sand,sand,sand,sand,sand,sand,sand,sand,sand,sand,grass,grass,grass,water,water,water,water,grass,grass,grass,grass,grass,grass,grass,grass,sand,sand,sand,sand,sand,sand,sand,sand,sand,sand,sand,sand
water,water,water,water,water,water,water,water,sand,sand,sand,sand,sand,sand,sand,sand,sand,sand,sand,sand,sand,sand,sand,sand,sand,sand,sand,sand,sand,sand,sand,sand,sand,sand,sand,grass,grass,grass,water,water,water,water,grass,grass,grass,grass,sand,sand,sand,sand,sand,sand,sand,sand,sand,sand,sand,sand,sand,sand,sand,sand,sand,sand
water,water,water,water,water,water,water,water,water,water,sand,sand,sand,sand,sand,sand,sand,sand,sand,sand,sand,sand,sand,sand,sand,sand,sand,sand,sand,sand,sand,sand,sand,grass,grass,grass,water,water,water,water,grass,grass,grass,grass,sand,sand,sand,sand,sand,sand,sand,sand,sand,sand,sand,sand,sand,sand,sand,sand,sand,sand,sand,sand
water,water,water,water,water,water,water,water,water,water,sand,sand,sand,sand,sand,sand,sand,sand,sand,sand,sand,sand,sand,sand,sand,sand,sand,sand,sand,sand,sand,sand,grass,grass,grass,water,water,grass,grass,grass,grass,grass,sand,sand,sand,sand,sand,sand,sand,sand,sand,sand,sand,sand,sand,sand,sand,sand,sand,sand,sand,sand,sand,sand
water,water,water,water,water,water,water,water,water,water,sand,sand,sand,sand,sand,sand,sand,sand,sand,sand,sand,sand,sand,sand,sand,sand,sand,sand,sand,sand,sand,grass,grass,grass,water,water,grass,grass,grass,sand,sand,sand,sand,sand,sand,sand,sand,sand,sand,sand,sand,sand,sand,sand,sand,sand,sand,sand,sand,sand,sand,sand,sand,sand
water,water,water,water,water,water,water,water,water,water,sand,sand,sand,sand,sand,sand,sand,sand,sand,sand,sand,sand,sand,sand,sand,sand,sand,sand,sand,sand,grass,grass,water,water,water,grass,grass,grass,sand,sand,sand,sand,sand,sand,sand,sand,sand,sand,sand,sand,sand,sand,sand,sand,sand,sand,sand,sand,sand,sand,sand,sand,sand,sand
water,water,water,water,water,water,water,water,water,water,sand,sand,sand,sand,sand,sand,sand,sand,sand,sand,sand,sand,sand,sand,sand,sand,sand,sand,sand,grass,grass,grass,water,grass,grass,grass,sand,sand,sand,sand,sand,sand,sand,sand,sand,sand,sand,sand,sand,sand,sand,sand,sand,sand,sand,sand,sand,sand,sand,sand,sand,sand,sand,sand
water,water,water,water,water,water,water,water,water,water,sand,sand,sand,sand,sand,sand,sand,sand,sand,sand,sand,sand,sand,sand,sand,sand,sand,sand,grass,grass,grass,water,water,grass,grass,sand,sand,sand,sand,sand,sand,sand,sand,sand,sand,sand,sand,sand,sand,sand,sand,sand,sand,sand,sand,sand,sand,sand,sand,sand,sand,sand,sand,sand
water,water,water,water,water,water,water,water,water,sand,sand,sand,sand,sand,sand,sand,sand,sand,sand,sand,sand,sand,sand,sand,sand,sand,sand,sand,grass,water,water,water,grass,grass,sand,sand,sand,sand,sand,sand,sand,sand,sand,sand,sand,sand,sand,sand,sand,sand,sand,sand,sand,sand,sand,sand,sand,sand,sand,sand,sand,sand,sand,sand
water,water,water,water,water,water,water,water,water,sand,sand,sand,sand,sand,sand,sand,sand,sand,sand,sand,sand,sand,sand,sand,sand,sand,sand,grass,grass,water,grass,grass,grass,sand,sand,sand,sand,sand,sand,sand,sand,sand,sand,sand,sand,sand,sand,sand,sand,sand,sand,sand,swamp,swamp,sand,sand,sand,sand,sand,sand,sand,sand,sand,sand
water,water,water,water,water,water,water,water,sand,sand,sand,sand,sand,sand,sand,sand,sand,sand,sand,sand,sand,sand,sand,sand,sand,sand,sand,grass,grass,grass,grass,grass,sand,sand,sand,sand,sand,sand,sand,sand,sand,sand,sand,sand,sand,sand,sand,sand,swamp,swamp,swamp,swamp,swamp,sand,sand,sand,sand,sand,sand,sand,sand,sand,sand,sand
water,water,water,water,water,water,water,water,sand,sand,sand,sand,sand,sand,sand,sand,sand,sand,sand,sand,sand,sand,sand,sand,sand,sand,sand,grass,grass,grass,grass,sand,sand,sand,sand,sand,sand,sand,sand,sand,sand,sand,sand,sand,sand,sand,swamp,swamp,swamp,swamp,swamp,swamp,sand,sand,sand,sand,sand,sand,sand,sand,sand,sand,sand,sand
water,water,water,water,water,water,water,water,sand,sand,sand,sand,sand,sand,sand,sand,sand,sand,sand,sand,sand,sand,sand,sand,sand,sand,sand,sand,grass,grass,sand,sand,sand,swamp,swamp,sand,sand,sand,sand,sand,sand,sand,sand,sand,sand,swamp,swamp,swamp,swamp,swamp,swamp,sand,sand,sand,sand,sand,swamp,sand,sand,sand,sand,sand,sand,sand
water,water,water,water,water,water,water,sand,sand,sand,sand,sand,sand,sand,sand,sand,sand,sand,sand,sand,sand,sand,sand,sand,sand,sand,sand,sand,sand,sand,sand,sand,swamp,swamp,sand,sand,sand,sand,sand,sand,sand,sand,sand,sand,swamp,swamp,swamp,swamp,swamp,swamp,swamp,swamp,swamp,sand,sand,swamp,swamp,sand,sand,sand,sand,sand,sand,sand
water,water,water,water,water,water,sand,sand,sand,sand,sand,sand,sand,sand,sand,sand,sand,sand,sand,sand,sand,sand,sand,sand,sand,sand,sand,sand,sand,sand,swamp,swamp,swamp,swamp,sand,sand,sand,sand,sand,sand,sand,sand,sand,swamp,swamp,swamp,swamp,swamp,swamp,swamp,swamp,swamp,swamp,swamp,swamp,swamp,swamp,sand,sand,sand,sand,sand,sand,sand
water,water,water,water,water,sand,sand,sand,sand,sand,sand,sand,sand,sand,sand,sand,sand,sand,sand,sand,sand,sand,sand,sand,sand,sand,sand,sand,sand,sand,sand,sand,swamp,swamp,sand,sand,sand,sand,sand,sand,sand,swamp,swamp,swamp,swamp,swamp,swamp,swamp,swamp,swamp,swamp,swamp,swamp,swamp,swamp,swamp,sand,sand,sand,sand,sand,sand,sand,sand
water,water,water,water,sand,sand,sand,sand,sand,sand,sand,sand,sand,sand,sand,sand,sand,sand,sand,sand,sand,sand,sand,sand,sand,sand,sand,sand,sand,sand,sand,sand,sand,sand,sand,sand,sand,sand,sand,sand,swamp,swamp,swamp,swamp,sand,swamp,swamp,swamp,swamp,swamp,swamp,sand,swamp,swamp,swamp,swamp,sand,sand,sand,sand,sand,sand,sand,sand
water,water,water,sand,sand,sand,sand,sand,sand,sand,sand,sand,sand,sand,sand,sand,sand,sand,sand,sand,sand,sand,sand,sand,sand,sand,sand,sand,sand,sand,sand,sand,sand,sand,sand,sand,sand,sand,sand,swamp,swamp,swamp,sand,sand,sand,sand,sand,swamp,swamp,swamp,swamp,sand,sand,swamp,swamp,sand,sand,sand,sand,sand,sand,sand,sand,sand
water,sand,sand,sand,sand,sand,sand,sand,sand,sand,sand,sand,sand,sand,sand,sand,sand,sand,sand,sand,sand,sand,sand,sand,sand,sand,sand,sand,sand,sand,swamp,sand,sand,sand,sand,sand,sand,sand,sand,sand,sand,sand,sand,sand,sand,swamp,swamp,swamp,swamp,swamp,swamp,swamp,sand,sand,sand,sand,sand,sand,sand,sand,sand,sand,sand,sand
sand,sand,sand,sand,sand,sand,sand,sand,sand,sand,sand,sand,sand,sand,sand,sand,sand,sand,sand,sand,sand,sand,sand,sand,sand,sand,sand,sand,sand,swamp,swamp,sand,sand,sand,sand,sand,sand,sand,sand,sand,sand,sand,swamp,swamp,swamp,swamp,swamp,swamp,swamp,swamp,swamp,swamp,sand,sand,sand,sand,sand,sand,sand,sand,sand,sand,sand,sand
sand,sand,sand,sand,sand,sand,sand,sand,sand,sand,sand,sand,sand,sand,sand,sand,sand,sand,sand,sand,sand,sand,sand,sand,sand,sand,sand,sand,swamp,swamp,swamp,swamp,sand,sand,sand,sand,sand,swamp,swamp,swamp,swamp,swamp,swamp,swamp,swamp,swamp,swamp,swamp,swamp,swamp,swamp,sand,sand,sand,sand,sand,sand,sand,sand,sand,sand,sand,sand,sand
sand,sand,sand,sand,sand,sand,sand,sand,sand,sand,sand,sand,sand,sand,sand,sand,sand,sand,sand,sand,sand,sand,sand,sand,sand,sand,sand,sand,swamp,swamp,swamp,sand,sand,sand,sand,sand,sand,swamp,swamp,swamp,swamp,swamp,swamp,swamp,swamp,swamp,swamp,swamp,swamp,swamp,sand,sand,sand,sand,sand,sand,sand,sand,sand,sand,sand,sand,sand,sand
sand,sand,sand,sand,sand,sand,sand,sand,sand,sand,sand,sand,sand,sand,sand,sand,sand,sand,sand,sand,sand,sand,sand,sand,sand,sand,sand,sand,swamp,sand,sand,sand,sand,sand,sand,sand,swamp,swamp,swamp,swamp,swamp,swamp,swamp,swamp,swamp,swamp,sand,sand,sand,sand,sand,sand,sand,sand,sand,sand,swamp,sand,sand,sand,sand,sand,sand,sand
sand,sand,sand,sand,sand,sand,sand,sand,sand,sand,sand,sand,sand,sand,sand,sand,sand,sand,sand,sand,sand,sand,sand,sand,sand,sand,sand,swamp,swamp,sand,sand,sand,sand,sand,sand,sand,swamp,swamp,swamp,swamp,swamp,swamp,sand,sand,sand,sand,sand,sand,sand,sand,sand,sand,sand,sand,swamp,swamp,swamp,sand,sand,sand,sand,sand,sand,sand
sand,sand,sand,sand,sand,sand,sand,sand,sand,sand,sand,sand,sand,sand,sand,sand,sand,sand,sand,swamp,swamp,swamp,swamp,sand,sand,sand,sand,sand,sand,sand,sand,sand,sand,sand,sand,sand,sand,sand,sand,sand,sand,sand,sand,sand,sand,sand,sand,sand,sand,sand,sand,sand,sand,swamp,swamp,swamp,sand,sand,sand,sand,sand,sand,sand,sand
sand,sand,sand,sand,sand,sand,sand,sand,sand,sand,sand,sand,sand,sand,sand,sand,sand,sand,sand,swamp,swamp,swamp,sand,sand,sand,sand,sand,sand,sand,sand,sand,sand,sand,sand,sand,sand,sand,sand,sand,sand,sand,sand,sand,sand,sand,sand,sand,sand,sand,sand,swamp,swamp,swamp,swamp,swamp,sand,sand,sand,sand,sand,sand,sand,sand,sand
sand,sand,sand,sand,sand,sand,sand,sand,sand,sand,sand,sand,sand,sand,sand,sand,sand,sand,sand,swamp,sand,sand,sand,sand,sand,sand,sand,sand,sand,sand,sand,sand,sand,sand,sand,sand,sand,sand,sand,sand,sand,sand,sand,swamp,swamp,swamp,swamp,swamp,swamp,swamp,swamp,swamp,swamp,sand,sand,sand,sand,sand,sand,sand,sand,sand,sand,sand
sand,sand,sand,sand,sand,sand,sand,sand,sand,sand,sand,sand,sand,sand,sand,sand,sand,sand,sand,sand,sand,sand,sand,sand,sand,sand,sand,sand,sand,sand,sand,sand,sand,sand,sand,sand,sand,sand,sand,sand,swamp,swamp,swamp,swamp,swamp,swamp,swamp,swamp,swamp,swamp,swamp,swamp,sand,sand,sand,sand,sand,sand,sand,sand,sand,sand,sand,sand
sand,sand,sand,sand,sand,sand,sand,sand,sand,sand,sand,sand,sand,sand,sand,sand,sand,sand,sand,sand,sand,sand,sand,sand,sand,sand,sand,sand,sand,sand,sand,sand,sand,sand,sand,sand,sand,sand,swamp,swamp,swamp,swamp,swamp,swamp,swamp,swamp,swamp,swamp,swamp,swamp,swamp,sand,sand,sand,sand,sand,sand,sand,sand,sand,sand,sand,sand,sand
sand,sand,sand,sand,sand,sand,sand,sand,sand,sand,sand,sand,sand,sand,sand,sand,sand,sand,sand,sand,sand,sand,sand,sand,sand,sand,sand,sand,sand,sand,sand,sand,sand,sand,sand,sand,sand,sand,swamp,swamp,swamp,swamp,swamp,swamp,swamp,swamp,swamp,swamp,swamp,swamp,swamp,sand,sand,sand,sand,sand,sand,sand,sand,sand,sand,sand,sand,sand
sand,sand,sand,sand,sand,sand,sand,sand,sand,sand,sand,sand,sand,sand,sand,sand,sand,sand,sand,sand,sand,sand,sand,sand,sand,sand,sand,sand,sand,sand,sand,sand,sand,sand,sand,sand,swamp,swamp,swamp,swamp,swamp,swamp,swamp,swamp,swamp,swamp,swamp,swamp,swamp,swamp,sand,sand,sand,sand,sand,sand,sand,sand,sand,sand,sand,sand,sand,sand
sand,sand,sand,sand,sand,sand,sand,sand,sand,sand,sand,sand,sand,sand,sand,sand,sand,sand,sand,sand,sand,sand,sand,sand,sand,sand,sand,sand,sand,sand,sand,sand,sand,sand,swamp,swamp,swamp,sand,sand,swamp,swamp,sand,sand,sand,swamp,swamp,swamp,swamp,sand,sand,sand,sand,sand,sand,sand,sand,sand,sand,sand,sand,sand,sand,sand,sand
sand,sand,sand,sand,sand,sand,sand,sand,sand,sand,sand,sand,sand,sand,sand,sand,sand,sand,sand,sand,sand,sand,sand,sand,sand,sand,sand,sand,sand,sand,sand,sand,sand,swamp,swamp,swamp,swamp,swamp,sand,sand,sand,sand,sand,sand,sand,sand,swamp,sand,sand,sand,sand,sand,sand,sand,sand,sand,sand,sand,sand,sand,sand,sand,sand,sand
sand,sand,sand,sand,sand,sand,sand,sand,sand,sand,sand,sand,sand,sand,sand,sand,sand,sand,sand,sand,sand,sand,sand,sand,sand,sand,sand,sand,sand,sand,sand,sand,sand,swamp,swamp,swamp,swamp,swamp,swamp,swamp,sand,sand,sand,sand,sand,swamp,swamp,sand,sand,sand,sand,sand,sand,sand,sand,sand,sand,sand,sand,sand,sand,sand,sand,sand
sand,sand,sand,sand,sand,sand,sand,sand,sand,sand,sand,sand,sand,sand,sand,sand,sand,sand,sand,sand,sand,sand,sand,sand,sand,sand,sand,sand,sand,sand,sand,sand,sand,swamp,swamp,swamp,swamp,swamp,sand,sand,swamp,swamp,swamp,swamp,swamp,swamp,sand,sand,sand,sand,sand,sand,sand,sand,sand,sand,sand,sand,sand,sand,sand,sand,sand,sand
sand,sand,sand,sand,sand,sand,sand,sand,sand,sand,sand,sand,sand,sand,sand,sand,sand,sand,sand,sand,sand,sand,sand,sand,sand,sand,sand,sand,sand,sand,sand,sand,sand,swamp,swamp,swamp,sand,sand,sand,sand,swamp,swamp,swamp,sand,sand,sand,sand,sand,sand,sand,sand,sand,sand,sand,sand,sand,sand,sand,sand,sand,sand,sand,sand,sand
sand,sand,sand,sand,sand,sand,sand,sand,sand,sand,sand,sand,sand,sand,sand,sand,sand,sand,sand,sand,sand,sand,sand,sand,sand,sand,sand,sand,sand,sand,sand,sand,swamp,swamp,swamp,sand,sand,sand,sand,sand,sand,sand,sand,sand,sand,sand,sand,sand,sand,sand,sand,sand,sand,sand,sand,sand,sand,sand,sand,sand,sand,sand,sand,sand
sand,sand,sand,sand,sand,sand,sand,sand,sand,sand,sand,sand,sand,sand,sand,sand,sand,sand,sand,sand,sand,sand,sand,sand,sand,sand,sand,sand,sand,sand,sand,sand,sand,sand,sand,sand,sand,sand,sand,sand,sand,sand,sand,sand,sand,sand,sand,sand,sand,sand,sand,sand,sand,sand,sand,sand,sand,sand,sand,sand,sand,sand,sand,sand
sand,sand,sand,sand,sand,sand,sand,sand,sand,sand,sand,sand,sand,sand,sand,sand,sand,sand,sand,sand,sand,sand,sand,sand,sand,sand,sand,sand,sand,sand,sand,sand,sand,sand,sand,sand,sand,sand,sand,sand,sand,sand,sand,sand,sand,sand,sand,sand,sand,sand,sand,sand,sand,sand,sand,sand,sand,sand,sand,sand,sand,sand,sand,sand
sand,sand,sand,sand,sand,sand,sand,sand,sand,sand,sand,sand,sand,sand,sand,sand,sand,sand,sand,sand,sand,sand,sand,sand,sand,sand,sand,sand,sand,sand,sand,sand,sand,sand,sand,sand,sand,sand,sand,sand,sand,sand,sand,sand,sand,sand,sand,sand,sand,sand,sand,sand,sand,sand,sand,sand,sand,sand,sand,sand,sand,sand,sand,sand
sand,sand,sand,sand,sand,sand,sand,sand,sand,sand,sand,sand,sand,sand,sand,sand,sand,sand,sand,sand,sand,sand,sand,sand,sand,sand,sand,sand,sand,sand,sand,sand,sand,sand,sand,sand,sand,sand,sand,sand,sand,sand,sand,sand,sand,sand,sand,sand,sand,sand,sand,sand,sand,sand,sand,sand,sand,sand,sand,sand,sand,sand,sand,sand
sand,sand,sand,sand,sand,sand,sand,sand,sand,sand,sand,sand,sand,sand,sand,sand,sand,sand,sand,sand,sand,sand,sand,sand,sand,sand,sand,sand,sand,sand,sand,sand,sand,sand,sand,sand,sand,sand,sand,sand,sand,sand,sand,sand,sand,sand,sand,sand,sand,sand,sand,sand,sand,sand,sand,sand,sand,sand,sand,sand,sand,sand,sand,sand
sand,sand,sand,sand,sand,sand,sand,sand,sand,sand,sand,sand,sand,sand,sand,sand,sand,sand,sand,sand,sand,sand,sand,sand,sand,sand,sand,sand,sand,sand,sand,sand,sand,sand,sand,sand,sand,sand,sand,sand,sand,sand,sand,sand,sand,sand,sand,sand,sand,sand,sand,sand,sand,sand,sand,sand,sand,sand,sand,sand,sand,sand,sand,sand
sand,sand,sand,sand,sand,sand,sand,sand,sand,sand,sand,sand,sand,sand,sand,sand,sand,sand,sand,sand,sand,sand,sand,sand,sand,sand,sand,sand,sand,sand,sand,sand,sand,sand,sand,sand,sand,sand,sand,sand,sand,sand,sand,sand,sand,sand,sand,sand,sand,sand,sand,sand,sand,sand,sand,sand,sand,sand,sand,sand,sand,sand,sand,sand
sand,sand,sand,sand,sand,sand,sand,sand,sand,sand,sand,sand,sand,sand,sand,sand,sand,sand,sand,sand,sand,sand,sand,sand,sand,sand,sand,sand,sand,sand,sand,sand,sand,sand,sand,sand,sand,sand,sand,sand,sand,sand,sand,sand,sand,sand,sand,sand,sand,sand,sand,sand,sand,sand,sand,sand,sand,sand,sand,sand,sand,sand,sand,sand
sand,sand,sand,sand,sand,sand,sand,sand,sand,sand,sand,sand,sand,sand,sand,sand,sand,sand,sand,sand,sand,sand,sand,sand,sand,sand,sand,sand,sand,sand,sand,sand,sand,sand,sand,sand,sand,sand,sand,sand,sand,sand,sand,sand,sand,sand,sand,sand,sand,sand,sand,sand,sand,sand,sand,sand,sand,sand,sand,sand,sand,sand,sand,sand
sand,sand,sand,sand,sand,sand,sand,sand,sand,sand,sand,sand,sand,sand,sand,sand,sand,sand,sand,sand,sand,sand,sand,sand,sand,sand,sand,sand,sand,sand,sand,sand,sand,sand,sand,sand,sand,sand,sand,sand,sand,sand,sand,sand,sand,sand,sand,sand,sand,sand,sand,sand,sand,sand,sand,sand,sand,sand,sand,sand,sand,sand,sand,sand
sand,sand,sand,sand,sand,sand,sand,sand,sand,sand,sand,sand,sand,sand,sand,sand,sand,sand,sand,sand,sand,sand,sand,sand,sand,sand,sand,sand,sand,sand,sand,sand,sand,sand,sand,sand,sand,sand,sand,sand,sand,sand,sand,sand,sand,sand,sand,sand,sand,sand,sand,sand,sand,sand,sand,sand,sand,sand,sand,sand,sand,sand,sand,sand
sand,sand,sand,sand,sand,sand,sand,sand,sand,sand,sand,sand,sand,sand,sand,sand,sand,sand,sand,sand,sand,sand,sand,sand,sand,sand,sand,sand,sand,sand,sand,sand,sand,sand,sand,sand,sand,sand,sand,sand,sand,sand,sand,sand,sand,sand,sand,sand,sand,sand,sand,sand,sand,sand,sand,sand,sand,sand,sand,sand,sand,sand,sand,sand
sand,sand,sand,sand,sand,sand,sand,sand,sand,sand,sand,sand,sand,sand,sand,sand,sand,sand,sand,sand,sand,sand,sand,sand,sand,sand,sand,sand,sand,sand,sand,sand,sand,sand,sand,sand,sand,sand,sand,sand,sand,sand,sand,sand,sand,sand,sand,sand,sand,sand,sand,sand,sand,sand,sand,sand,sand,sand,sand,sand,sand,sand,sand,sand
sand,sand,sand,sand,sand,sand,sand,sand,sand,sand,sand,sand,sand,sand,sand,sand,sand,sand,sand,sand,sand,sand,sand,sand,sand,sand,sand,sand,sand,sand,sand,sand,sand,sand,sand,sand,sand,sand,sand,sand,sand,sand,sand,sand,sand,sand,sand,sand,sand,sand,sand,sand,sand,sand,sand,sand,sand,sand,sand,sand,sand,sand,sand,sand
sand,sand,sand,sand,sand,sand,sand,sand,sand,sand,sand,sand,sand,sand,sand,sand,sand,sand,sand,sand,sand,sand,sand,sand,sand,sand,sand,sand,sand,sand,sand,sand,sand,sand,sand,sand,sand,sand,sand,sand,sand,sand,sand,sand,sand,sand,sand,sand,sand,sand,sand,sand,sand,sand,sand,sand,sand,sand,sand,sand,sand,sand,sand,sand
