empty,empty,empty,empty,empty,empty,empty,empty,empty,empty,empty,empty,empty,empty,empty,empty,empty,empty,empty,empty,empty,empty,empty,empty,empty,empty,empty,empty,empty,empty,empty,empty,empty,empty,empty,empty,empty,empty,empty,empty,empty,empty,empty,empty,empty,empty,empty,empty,empty,empty,empty,empty,empty,empty,empty,empty,empty,empty,empty,empty,empty,empty,empty,empty
empty,empty,empty,empty,empty,empty,empty,empty,empty,empty,empty,tree,empty,empty,empty,empty,empty,empty,empty,empty,empty,empty,empty,empty,empty,empty,empty,empty,empty,empty,empty,empty,empty,empty,empty,empty,empty,empty,empty,empty,empty,empty,empty,empty,empty,empty,empty,empty,empty,empty,empty,empty,empty,empty,empty,empty,empty,empty,empty,empty,empty,empty,empty,empty
empty,empty,empty,empty,empty,empty,empty,empty,empty,empty,empty,empty,empty,empty,empty,empty,empty,empty,empty,empty,empty,empty,empty,empty,empty,empty,empty,empty,empty,empty,empty,empty,empty,empty,empty,empty,empty,empty,empty,empty,empty,empty,empty,empty,empty,empty,empty,empty,empty,empty,empty,empty,empty,empty,empty,empty,empty,empty,empty,empty,empty,empty,empty,empty
empty,empty,empty,empty,empty,empty,empty,empty,empty,empty,empty,empty,empty,empty,empty,empty,empty,empty,empty,empty,empty,empty,empty,empty,empty,empty,empty,empty,empty,empty,empty,empty,empty,empty,empty,empty,empty,empty,empty,empty,empty,empty,empty,empty,tree,empty,empty,empty,empty,empty,empty,empty,empty,empty,empty,empty,empty,empty,empty,empty,empty,empty,empty,empty
empty,empty,empty,empty,empty,empty,empty,empty,empty,empty,empty,empty,empty,empty,empty,empty,empty,empty,empty,empty,empty,empty,empty,empty,empty,empty,empty,empty,empty,empty,empty,empty,empty,empty,empty,empty,empty,empty,empty,empty,empty,empty,empty,empty,empty,empty,empty,empty,empty,empty,empty,empty,empty,empty,empty,empty,empty,empty,empty,empty,empty,empty,empty,empty
empty,empty,empty,empty,empty,empty,empty,empty,empty,empty,empty,empty,empty,empty,empty,empty,empty,empty,empty,empty,empty,empty,empty,empty,empty,empty,empty,empty,empty,empty,empty,empty,empty,empty,empty,empty,empty,empty,tree,empty,empty,empty,empty,empty,empty,empty,empty,empty,empty,empty,empty,empty,empty,empty,empty,empty,empty,empty,empty,empty,empty,empty,empty,empty
empty,empty,empty,empty,empty,empty,empty,empty,empty,empty,empty,empty,empty,empty,empty,empty,empty,empty,empty,empty,empty,empty,empty,empty,empty,empty,empty,empty,empty,empty,empty,empty,empty,empty,empty,empty,empty,empty,empty,empty,empty,empty,empty,empty,empty,empty,empty,empty,empty,empty,empty,empty,empty,empty,empty,empty,empty,empty,empty,empty,empty,empty,empty,empty
empty,empty,empty,tree,empty,empty,empty,empty,empty,empty,empty,empty,empty,empty,empty,empty,empty,empty,empty,empty,empty,empty,empty,empty,empty,empty,empty,empty,empty,empty,empty,empty,empty,empty,empty,empty,empty,empty,empty,empty,empty,empty,empty,empty,empty,empty,empty,empty,empty,empty,empty,empty,empty,empty,empty,empty,empty,empty,empty,empty,empty,empty,empty,empty
empty,empty,empty,empty,empty,empty,empty,empty,empty,empty,empty,empty,empty,empty,empty,empty,empty,empty,empty,empty,empty,empty,empty,empty,empty,empty,empty,empty,empty,empty,empty,empty,empty,empty,empty,empty,empty,empty,empty,empty,empty,empty,empty,empty,empty,empty,empty,empty,empty,empty,empty,empty,empty,empty,empty,empty,empty,empty,empty,empty,empty,empty,empty,empty
empty,empty,empty,empty,empty,empty,empty,empty,empty,empty,empty,empty,empty,empty,empty,empty,empty,empty,empty,empty,empty,empty,empty,empty,empty,empty,empty,empty,empty,empty,empty,empty,empty,empty,empty,empty,empty,empty,empty,empty,empty,empty,empty,empty,empty,empty,empty,empty,empty,empty,empty,empty,empty,empty,empty,empty,empty,empty,empty,empty,empty,empty,empty,empty
empty,empty,empty,empty,empty,empty,empty,empty,empty,empty,tree,tree,tree,tree,tree,empty,empty,tree,empty,tree,tree,empty,tree,tree,tree,empty,empty,empty,empty,empty,empty,empty,empty,empty,empty,empty,empty,empty,empty,empty,empty,empty,empty,empty,empty,empty,empty,empty,empty,empty,tree,tree,empty,empty,empty,empty,empty,empty,empty,empty,empty,empty,empty,empty
empty,empty,empty,empty,empty,empty,empty,empty,empty,empty,tree,tree,tree,empty,tree,tree,empty,tree,tree,tree,tree,tree,tree,tree,tree,tree,empty,empty,empty,empty,empty,empty,empty,empty,empty,empty,empty,empty,empty,empty,empty,empty,empty,empty,empty,empty,empty,empty,empty,empty,tree,tree,empty,empty,empty,empty,empty,empty,empty,empty,empty,empty,empty,empty
empty,empty,empty,empty,empty,empty,empty,empty,empty,empty,tree,tree,tree,tree,tree,tree,tree,empty,empty,tree,tree,empty,empty,tree,empty,tree,tree,empty,empty,empty,empty,empty,empty,empty,empty,empty,empty,empty,empty,empty,empty,empty,empty,empty,empty,empty,empty,empty,empty,empty,tree,tree,empty,empty,empty,empty,empty,empty,empty,empty,empty,empty,empty,empty
empty,empty,empty,empty,empty,empty,empty,empty,empty,tree,tree,empty,tree,empty,empty,empty,tree,tree,empty,empty,empty,empty,empty,empty,tree,tree,empty,empty,empty,empty,empty,empty,tree,tree,empty,empty,empty,empty,empty,tree,empty,tree,tree,empty,empty,empty,empty,empty,tree,tree,tree,empty,empty,empty,empty,empty,empty,empty,empty,empty,empty,empty,empty,empty
empty,empty,empty,empty,empty,empty,empty,empty,tree,tree,empty,empty,empty,empty,tree,tree,empty,tree,tree,empty,tree,tree,empty,empty,tree,empty,empty,empty,empty,empty,empty,tree,tree,tree,empty,empty,tree,empty,empty,tree,tree,empty,empty,empty,empty,empty,empty,tree,tree,tree,empty,empty,empty,empty,empty,empty,empty,empty,empty,empty,empty,empty,empty,empty
empty,empty,empty,empty,empty,empty,empty,empty,tree,tree,tree,empty,empty,tree,empty,tree,tree,tree,tree,empty,empty,tree,tree,tree,tree,tree,empty,empty,empty,empty,tree,tree,empty,tree,empty,empty,empty,empty,empty,tree,tree,tree,tree,empty,tree,empty,empty,empty,empty,empty,empty,empty,empty,empty,empty,empty,empty,empty,empty,empty,empty,empty,empty,empty
empty,empty,empty,empty,empty,empty,empty,empty,empty,empty,empty,tree,empty,tree,tree,empty,tree,tree,empty,tree,empty,empty,tree,tree,empty,empty,empty,empty,empty,empty,tree,empty,empty,tree,empty,empty,empty,tree,empty,empty,empty,tree,empty,empty,tree,tree,empty,empty,empty,empty,empty,empty,empty,empty,empty,empty,empty,empty,empty,empty,empty,empty,empty,empty
empty,empty,empty,empty,empty,empty,empty,empty,empty,empty,empty,tree,tree,empty,tree,empty,tree,empty,empty,empty,empty,empty,empty,empty,empty,empty,empty,empty,empty,empty,empty,empty,empty,empty,empty,empty,empty,empty,empty,empty,empty,empty,empty,tree,tree,empty,empty,empty,empty,empty,empty,empty,empty,empty,empty,empty,empty,empty,empty,empty,empty,empty,empty,empty
empty,empty,empty,empty,empty,empty,empty,empty,empty,empty,empty,empty,empty,empty,empty,tree,tree,tree,empty,empty,empty,empty,empty,empty,empty,empty,empty,empty,empty,empty,empty,empty,empty,empty,empty,empty,empty,empty,empty,empty,empty,empty,empty,empty,empty,empty,empty,empty,empty,empty,empty,empty,empty,empty,empty,empty,empty,empty,empty,empty,empty,empty,empty,empty
empty,empty,empty,empty,empty,empty,empty,empty,empty,empty,empty,empty,empty,empty,empty,empty,empty,empty,empty,empty,empty,tree,empty,empty,empty,empty,empty,empty,empty,empty,empty,empty,empty,empty,empty,empty,empty,empty,empty,empty,empty,empty,empty,empty,empty,empty,empty,empty,empty,empty,empty,empty,empty,empty,empty,empty,empty,empty,empty,empty,empty,empty,empty,empty
empty,empty,empty,empty,tree,tree,empty,empty,empty,empty,empty,empty,empty,empty,empty,empty,empty,empty,empty,empty,empty,empty,empty,empty,empty,empty,empty,empty,empty,empty,empty,empty,empty,empty,empty,empty,empty,empty,empty,empty,empty,empty,empty,empty,empty,empty,empty,empty,empty,empty,empty,empty,empty,empty,empty,empty,empty,empty,empty,empty,empty,empty,empty,empty
empty,empty,tree,tree,empty,empty,empty,empty,empty,empty,empty,empty,empty,empty,empty,empty,empty,empty,empty,empty,empty,empty,empty,empty,empty,empty,empty,empty,empty,empty,empty,empty,empty,empty,empty,empty,empty,empty,empty,empty,empty,empty,empty,empty,empty,empty,empty,empty,empty,empty,empty,empty,empty,empty,empty,empty,empty,empty,empty,empty,empty,empty,empty,empty
empty,tree,tree,empty,empty,empty,empty,empty,empty,empty,empty,empty,empty,empty,empty,empty,empty,empty,tree,empty,empty,empty,empty,tree,empty,empty,empty,empty,empty,empty,empty,empty,empty,empty,empty,empty,empty,empty,empty,empty,empty,empty,empty,empty,empty,empty,empty,empty,empty,empty,empty,empty,empty,empty,empty,empty,empty,empty,empty,empty,empty,empty,empty,empty
empty,empty,empty,empty,empty,empty,empty,empty,empty,empty,empty,empty,empty,empty,empty,empty,empty,empty,empty,empty,empty,empty,empty,tree,tree,empty,tree,tree,tree,empty,empty,empty,empty,empty,empty,empty,empty,empty,empty,empty,empty,tree,empty,empty,empty,empty,empty,empty,empty,empty,tree,empty,empty,empty,empty,empty,empty,empty,empty,empty,empty,empty,empty,empty
empty,empty,empty,empty,empty,empty,empty,empty,empty,empty,empty,empty,empty,empty,empty,empty,empty,empty,empty,empty,empty,empty,empty,tree,empty,empty,tree,empty,empty,empty,empty,empty,empty,empty,empty,empty,empty,empty,empty,empty,empty,empty,empty,empty,empty,empty,empty,empty,empty,empty,empty,empty,empty,empty,empty,empty,empty,empty,empty,empty,empty,empty,empty,empty
empty,empty,empty,empty,empty,empty,empty,empty,empty,empty,empty,empty,empty,empty,empty,empty,empty,tree,empty,empty,empty,empty,empty,tree,empty,tree,empty,empty,tree,empty,empty,empty,empty,empty,empty,empty,empty,empty,empty,empty,empty,empty,empty,empty,empty,empty,empty,empty,empty,empty,empty,empty,empty,empty,empty,empty,empty,empty,empty,empty,empty,empty,empty,empty
empty,empty,empty,empty,empty,empty,empty,empty,empty,empty,empty,empty,empty,empty,empty,empty,empty,empty,empty,empty,empty,empty,empty,empty,empty,empty,empty,empty,empty,empty,empty,empty,empty,empty,empty,empty,empty,empty,empty,empty,empty,empty,empty,empty,empty,empty,empty,empty,empty,empty,empty,empty,empty,empty,empty,empty,empty,empty,empty,empty,empty,empty,empty,empty
empty,empty,empty,empty,empty,empty,empty,empty,empty,empty,empty,empty,empty,empty,empty,empty,empty,empty,empty,empty,empty,empty,empty,tree,empty,empty,tree,empty,empty,tree,empty,empty,empty,empty,empty,empty,empty,empty,empty,empty,empty,empty,empty,empty,empty,empty,empty,empty,empty,empty,empty,empty,empty,empty,empty,empty,empty,empty,empty,empty,empty,empty,empty,empty
empty,empty,empty,empty,empty,empty,empty,empty,empty,empty,empty,empty,empty,empty,empty,empty,empty,empty,empty,empty,empty,empty,empty,empty,empty,tree,empty,tree,empty,empty,empty,empty,empty,empty,empty,empty,empty,empty,empty,empty,empty,empty,empty,empty,empty,empty,empty,empty,empty,empty,empty,empty,empty,empty,empty,empty,empty,empty,empty,empty,empty,empty,empty,empty
empty,empty,empty,empty,empty,empty,empty,empty,empty,empty,empty,empty,empty,empty,empty,empty,empty,empty,empty,empty,empty,empty,empty,empty,empty,empty,empty,empty,empty,empty,empty,empty,empty,empty,empty,empty,empty,empty,empty,empty,empty,empty,empty,empty,empty,empty,empty,empty,empty,empty,empty,empty,empty,empty,empty,empty,empty,empty,empty,empty,empty,empty,empty,empty
empty,empty,empty,empty,empty,empty,empty,empty,empty,empty,empty,empty,empty,empty,empty,empty,empty,empty,empty,empty,empty,empty,empty,empty,empty,empty,empty,empty,empty,empty,empty,empty,empty,empty,empty,empty,empty,empty,empty,empty,empty,empty,empty,empty,empty,empty,empty,empty,empty,empty,empty,empty,empty,empty,empty,empty,empty,empty,empty,empty,empty,empty,empty,empty
empty,empty,empty,empty,empty,empty,empty,empty,empty,empty,empty,empty,empty,empty,empty,empty,empty,empty,empty,empty,empty,empty,empty,empty,empty,empty,empty,empty,empty,empty,empty,empty,empty,empty,empty,empty,empty,empty,empty,empty,empty,empty,empty,empty,empty,empty,empty,empty,empty,empty,empty,empty,empty,empty,empty,empty,empty,empty,empty,empty,empty,empty,empty,empty
empty,empty,empty,empty,empty,empty,empty,empty,empty,empty,empty,empty,empty,empty,empty,empty,empty,empty,empty,empty,empty,empty,empty,empty,empty,empty,empty,empty,empty,empty,empty,empty,empty,empty,empty,empty,empty,empty,empty,empty,empty,empty,empty,empty,empty,tree,empty,empty,empty,empty,empty,empty,empty,empty,empty,empty,empty,empty,empty,empty,empty,empty,empty,empty
empty,empty,empty,empty,tree,tree,tree,empty,empty,empty,empty,empty,empty,empty,empty,empty,empty,empty,empty,empty,empty,empty,empty,empty,empty,empty,empty,empty,empty,empty,empty,empty,empty,empty,empty,empty,empty,empty,empty,empty,empty,empty,empty,empty,empty,empty,empty,empty,empty,empty,empty,empty,empty,empty,empty,empty,empty,empty,empty,empty,empty,empty,empty,empty
empty,empty,empty,empty,empty,empty,empty,tree,empty,empty,empty,empty,empty,empty,empty,empty,empty,empty,empty,empty,empty,empty,empty,empty,empty,empty,empty,empty,empty,empty,empty,empty,empty,empty,empty,empty,empty,empty,empty,empty,empty,empty,empty,empty,empty,empty,empty,empty,empty,empty,empty,empty,empty,empty,empty,empty,empty,empty,empty,empty,empty,empty,empty,empty
empty,empty,empty,empty,empty,empty,empty,empty,empty,empty,empty,empty,empty,empty,empty,empty,empty,empty,empty,empty,empty,empty,empty,empty,empty,empty,empty,empty,empty,empty,empty,empty,empty,empty,empty,empty,empty,empty,empty,empty,empty,empty,empty,empty,empty,empty,empty,empty,empty,empty,empty,empty,empty,empty,empty,empty,empty,empty,empty,empty,empty,empty,empty,empty
empty,empty,empty,empty,empty,empty,empty,empty,empty,empty,empty,empty,empty,empty,empty,empty,empty,empty,empty,empty,empty,empty,empty,empty,empty,empty,empty,empty,empty,empty,empty,empty,empty,empty,empty,empty,empty,empty,empty,empty,empty,empty,empty,empty,empty,empty,empty,empty,empty,empty,empty,empty,empty,empty,empty,empty,empty,empty,empty,empty,empty,empty,empty,empty
empty,empty,empty,empty,empty,empty,tree,empty,empty,empty,empty,empty,empty,empty,empty,empty,empty,empty,empty,empty,empty,empty,empty,empty,empty,empty,empty,empty,empty,empty,empty,empty,empty,empty,empty,empty,empty,empty,empty,empty,empty,empty,empty,empty,empty,empty,empty,empty,empty,empty,empty,empty,empty,empty,empty,empty,empty,empty,empty,empty,empty,empty,empty,empty
empty,empty,empty,empty,empty,empty,tree,empty,empty,empty,empty,empty,empty,empty,empty,empty,empty,empty,empty,empty,empty,empty,empty,empty,empty,empty,empty,empty,empty,empty,empty,empty,empty,empty,empty,empty,empty,empty,empty,empty,empty,empty,empty,empty,empty,empty,empty,empty,empty,empty,empty,empty,empty,empty,empty,empty,empty,empty,empty,empty,tree,empty,empty,empty
empty,empty,empty,empty,empty,tree,tree,empty,empty,empty,empty,empty,empty,empty,empty,empty,empty,empty,empty,empty,empty,empty,empty,empty,empty,empty,empty,empty,empty,empty,empty,empty,empty,empty,empty,empty,empty,empty,empty,empty,empty,empty,empty,empty,empty,empty,empty,empty,empty,empty,empty,tree,empty,empty,empty,empty,empty,empty,empty,empty,empty,empty,empty,empty
empty,empty,empty,empty,empty,tree,empty,empty,empty,empty,empty,empty,empty,empty,empty,empty,empty,empty,empty,empty,empty,empty,empty,empty,empty,empty,empty,empty,empty,empty,empty,empty,empty,empty,empty,empty,empty,empty,empty,empty,empty,empty,empty,empty,empty,empty,empty,empty,tree,tree,empty,empty,empty,empty,empty,empty,empty,empty,empty,empty,empty,empty,empty,empty
empty,empty,empty,empty,empty,tree,tree,empty,empty,empty,empty,empty,empty,empty,empty,empty,empty,empty,empty,empty,empty,empty,empty,empty,empty,empty,empty,empty,empty,empty,empty,empty,empty,empty,empty,empty,empty,empty,empty,empty,empty,empty,empty,empty,empty,empty,empty,empty,empty,empty,empty,empty,empty,empty,empty,empty,empty,empty,empty,empty,empty,empty,empty,empty
empty,empty,empty,empty,empty,empty,tree,tree,empty,empty,empty,empty,empty,empty,empty,empty,empty,empty,empty,empty,empty,empty,empty,empty,empty,empty,empty,empty,empty,empty,empty,empty,empty,empty,empty,empty,empty,empty,empty,empty,empty,empty,empty,empty,empty,empty,empty,tree,empty,empty,empty,tree,empty,empty,empty,empty,empty,empty,empty,empty,empty,empty,empty,empty
empty,empty,empty,empty,empty,empty,empty,tree,tree,empty,empty,empty,empty,empty,empty,empty,empty,empty,empty,empty,empty,empty,empty,empty,empty,empty,empty,empty,empty,empty,empty,empty,empty,empty,empty,empty,empty,empty,empty,empty,empty,empty,empty,empty,empty,empty,empty,empty,empty,empty,empty,empty,empty,empty,empty,empty,empty,empty,empty,empty,empty,empty,empty,empty
empty,empty,empty,empty,empty,empty,empty,empty,tree,empty,empty,empty,empty,empty,empty,empty,empty,empty,empty,empty,empty,empty,empty,empty,empty,empty,empty,empty,empty,empty,empty,empty,empty,empty,empty,empty,empty,empty,empty,empty,empty,empty,empty,empty,empty,empty,empty,empty,empty,empty,empty,empty,empty,empty,empty,empty,empty,empty,empty,empty,empty,empty,empty,empty
empty,empty,empty,empty,empty,empty,empty,empty,empty,empty,empty,empty,empty,empty,empty,empty,empty,empty,empty,empty,empty,empty,empty,empty,empty,empty,empty,empty,empty,empty,empty,empty,empty,empty,empty,empty,empty,empty,empty,empty,empty,empty,empty,empty,empty,empty,empty,empty,empty,empty,empty,empty,empty,empty,empty,empty,empty,empty,empty,empty,empty,empty,empty,empty
empty,empty,empty,empty,empty,empty,empty,empty,empty,empty,empty,empty,empty,empty,empty,empty,empty,empty,empty,empty,empty,empty,empty,empty,empty,empty,empty,empty,empty,empty,empty,empty,empty,empty,empty,empty,empty,empty,empty,empty,empty,empty,empty,empty,empty,empty,empty,empty,empty,empty,empty,empty,empty,empty,empty,empty,empty,empty,empty,empty,empty,empty,empty,empty
empty,empty,empty,empty,empty,empty,empty,empty,empty,empty,empty,empty,empty,empty,empty,empty,empty,empty,empty,empty,empty,empty,empty,empty,empty,empty,empty,empty,empty,empty,empty,empty,empty,empty,empty,empty,empty,empty,empty,empty,empty,empty,empty,empty,empty,empty,empty,empty,empty,empty,empty,empty,empty,empty,empty,empty,empty,empty,empty,empty,empty,empty,empty,empty
empty,empty,empty,empty,empty,empty,empty,empty,empty,empty,empty,empty,empty,empty,empty,empty,empty,empty,empty,empty,empty,empty,empty,empty,empty,empty,empty,empty,empty,empty,empty,empty,empty,empty,empty,empty,empty,empty,empty,empty,empty,empty,empty,empty,empty,empty,empty,empty,empty,empty,empty,empty,empty,empty,empty,empty,empty,empty,empty,empty,empty,empty,empty,empty
empty,empty,empty,empty,empty,empty,empty,empty,empty,empty,empty,empty,empty,empty,empty,empty,empty,empty,empty,empty,empty,empty,empty,empty,empty,empty,empty,empty,empty,empty,empty,empty,empty,empty,empty,empty,empty,empty,empty,empty,empty,empty,empty,empty,empty,empty,empty,empty,empty,empty,empty,empty,empty,empty,empty,empty,empty,empty,empty,empty,empty,empty,empty,empty
empty,empty,empty,empty,empty,empty,empty,empty,empty,empty,empty,tree,tree,empty,empty,empty,empty,empty,empty,empty,empty,empty,empty,empty,empty,empty,empty,empty,empty,empty,empty,empty,empty,empty,empty,empty,empty,empty,empty,empty,empty,empty,empty,empty,empty,empty,empty,empty,empty,empty,empty,empty,empty,empty,empty,empty,empty,empty,empty,empty,empty,empty,empty,empty
empty,empty,empty,empty,empty,empty,empty,empty,empty,empty,empty,empty,tree,tree,empty,empty,empty,empty,empty,empty,empty,empty,empty,empty,empty,empty,empty,empty,empty,empty,empty,empty,empty,empty,empty,empty,empty,empty,empty,empty,empty,empty,empty,empty,empty,empty,empty,empty,empty,empty,empty,empty,empty,empty,empty,empty,empty,empty,empty,empty,empty,empty,empty,empty
empty,empty,empty,empty,empty,empty,empty,tree,empty,tree,tree,empty,tree,empty,empty,empty,empty,empty,empty,empty,empty,empty,empty,empty,empty,empty,empty,empty,empty,empty,empty,empty,empty,empty,empty,empty,empty,empty,empty,empty,empty,empty,empty,empty,empty,empty,empty,empty,empty,empty,empty,empty,empty,empty,empty,empty,empty,empty,empty,empty,empty,empty,empty,empty
empty,empty,empty,empty,empty,empty,tree,tree,tree,tree,tree,empty,tree,empty,empty,empty,empty,empty,empty,empty,empty,empty,empty,empty,empty,empty,empty,empty,empty,empty,empty,empty,empty,empty,empty,empty,empty,empty,empty,empty,empty,empty,empty,empty,empty,empty,empty,empty,empty,empty,empty,empty,empty,empty,empty,empty,empty,empty,empty,empty,empty,empty,empty,empty
empty,empty,empty,empty,empty,empty,empty,empty,empty,empty,empty,tree,tree,empty,empty,empty,empty,empty,empty,empty,empty,empty,empty,empty,empty,empty,empty,empty,empty,empty,empty,empty,empty,empty,empty,empty,empty,empty,empty,empty,empty,empty,empty,empty,empty,empty,empty,empty,empty,empty,empty,empty,empty,empty,empty,empty,empty,empty,empty,empty,empty,empty,empty,empty
empty,empty,empty,empty,empty,empty,empty,empty,empty,empty,empty,empty,empty,empty,empty,empty,empty,empty,empty,empty,empty,empty,empty,empty,empty,empty,empty,empty,empty,empty,empty,empty,empty,empty,empty,empty,empty,empty,empty,empty,empty,empty,empty,empty,empty,empty,empty,empty,empty,empty,empty,empty,empty,empty,empty,empty,empty,empty,empty,empty,empty,empty,empty,empty
empty,empty,empty,empty,empty,empty,empty,empty,empty,empty,empty,empty,empty,empty,empty,empty,empty,empty,empty,empty,empty,empty,empty,empty,empty,empty,empty,empty,empty,empty,empty,empty,empty,empty,empty,empty,empty,empty,empty,empty,empty,empty,empty,empty,empty,empty,empty,empty,empty,empty,empty,empty,empty,empty,empty,empty,empty,empty,empty,empty,empty,empty,empty,empty
empty,empty,empty,empty,empty,empty,empty,empty,empty,empty,empty,empty,empty,empty,empty,empty,empty,empty,empty,empty,empty,empty,empty,empty,empty,empty,empty,empty,empty,empty,empty,empty,empty,empty,empty,empty,empty,empty,empty,empty,empty,empty,empty,empty,empty,empty,empty,empty,empty,empty,empty,empty,empty,empty,empty,empty,empty,empty,empty,empty,empty,empty,empty,empty
empty,empty,empty,empty,empty,empty,empty,empty,empty,empty,empty,empty,empty,empty,empty,empty,empty,empty,empty,empty,empty,empty,empty,empty,empty,empty,empty,empty,empty,empty,empty,empty,empty,empty,empty,empty,empty,empty,empty,empty,empty,empty,empty,empty,empty,empty,empty,empty,empty,empty,empty,empty,empty,empty,empty,empty,empty,empty,empty,empty,empty,empty,empty,empty
empty,empty,empty,empty,empty,empty,empty,empty,empty,empty,empty,empty,empty,empty,empty,empty,empty,empty,empty,empty,empty,empty,empty,empty,empty,empty,empty,empty,empty,empty,empty,empty,empty,empty,empty,empty,empty,empty,empty,empty,empty,empty,empty,empty,empty,empty,empty,empty,empty,empty,empty,empty,empty,empty,empty,empty,empty,empty,empty,empty,empty,empty,empty,empty
empty,empty,empty,empty,empty,empty,empty,empty,empty,empty,empty,empty,empty,empty,empty,empty,empty,empty,empty,empty,empty,empty,empty,empty,empty,empty,empty,empty,empty,empty,empty,empty,empty,empty,empty,empty,empty,empty,empty,empty,empty,empty,empty,empty,empty,empty,empty,empty,empty,empty,empty,empty,empty,empty,empty,empty,empty,empty,empty,empty,empty,empty,empty,empty
empty,empty,empty,empty,empty,empty,empty,empty,empty,empty,empty,empty,empty,empty,empty,empty,empty,empty,empty,empty,empty,empty,empty,empty,empty,empty,empty,empty,empty,empty,empty,empty,empty,empty,empty,empty,empty,empty,empty,empty,empty,empty,empty,empty,empty,empty,empty,empty,empty,empty,empty,empty,empty,empty,empty,empty,empty,empty,empty,empty,empty,empty,empty,empty
empty,empty,empty,empty,empty,empty,empty,empty,empty,empty,empty,empty,empty,empty,empty,empty,empty,empty,empty,empty,empty,empty,empty,empty,empty,empty,empty,empty,empty,empty,empty,empty,empty,empty,empty,empty,empty,empty,empty,empty,empty,empty,empty,empty,empty,empty,empty,empty,empty,empty,empty,empty,empty,empty,empty,empty,empty,empty,empty,empty,empty,empty,empty,empty
empty,empty,empty,empty,empty,empty,empty,empty,empty,empty,empty,empty,empty,empty,empty,empty,empty,empty,empty,empty,empty,empty,empty,empty,empty,empty,empty,empty,empty,empty,empty,empty,empty,empty,empty,empty,empty,empty,empty,empty,empty,empty,empty,empty,empty,empty,empty,empty,empty,empty,empty,empty,empty,empty,empty,empty,empty,empty,empty,empty,empty,empty,empty,empty
